,x
1,白云机场 600004
2,武钢股份 600005
3,东风汽车 600006
4,中国国贸 600007
5,首创股份 600008
6,上海机场 600009
7,包钢股份 600010
8,华能国际 600011
9,皖通高速 600012
10,华夏银行 600015
11,民生银行 600016
12,日照港 600017
13,上港集团 600018
14,宝钢股份 600019
15,中原高速 600020
16,上海电力 600021
17,济南钢铁 600022
18,中海发展 600026
19,华电国际 600027
20,中国石化 600028
21,南方航空 600029
22,中信证券 600030
23,三一重工 600031
24,福建高速 600033
25,楚天高速 600035
26,招商银行 600036
27,歌华有线 600037
28,哈飞股份 600038
29,四川路桥 600039
30,保利地产 600048
31,中国联通 600050
32,宁波联合 600051
33,浙江广厦 600052
34,中江地产 600053
35,黄山旅游 600054
36,万东医疗 600055
37,中国医药 600056
38,五矿发展 600058
39,古越龙山 600059
40,海信电器 600060
41,中纺投资 600061
42,双鹤药业 600062
43,皖维高新 600063
44,南京高科 600064
45,宇通客车 600066
46,冠城大通 600067
47,葛洲坝 600068
48,银鸽投资 600069
49,浙江富润 600070
50,凤凰光学 600071
51,中船股份 600072
52,上海梅林 600073
53,中达股份 600074
54,新疆天业 600075
55,ST华光 600076
56,*ST百科 600077
57,澄星股份 600078
58,人福医药 600079
59,*ST金花 600080
60,东风科技 600081
61,海泰发展 600082
62,*ST博信 600083
63,*ST中葡 600084
64,同仁堂 600085
65,东方金钰 600086
66,长航油运 600087
67,中视传媒 600088
68,特变电工 600089
69,啤酒花 600090
70,*ST明科 600091
71,禾嘉股份 600093
72,哈高科 600095
73,云天化 600096
74,开创国际 600097
75,广州控股 600098
76,林海股份 600099
77,同方股份 600100
78,明星电力 600101
79,莱钢股份 600102
80,青山纸业 600103
81,上海汽车 600104
82,永鼎股份 600105
83,重庆路桥 600106
84,美尔雅 600107
85,亚盛集团 600108
86,国金证券 600109
87,中科英华 600110
88,包钢稀土 600111
89,长征电气 600112
90,浙江东日 600113
91,东睦股份 600114
92,东方航空 600115
93,三峡水利 600116
94,西宁特钢 600117
95,中国卫星 600118
96,长江投资 600119
97,浙江东方 600120
98,郑州煤电 600121
99,宏图高科 600122
100,兰花科创 600123
101,铁龙物流 600125
102,杭钢股份 600126
103,金健米业 600127
104,弘业股份 600128
105,太极集团 600129
106,ST波导 600130
107,*ST岷电 600131
108,重庆啤酒 600132
109,东湖高新 600133
110,乐凯胶片 600135
111,道博股份 600136
112,浪莎股份 600137
113,中青旅 600138
114,西部资源 600139
115,兴发集团 600141
116,金发科技 600143
117,*ST四维 600145
118,大元股份 600146
119,长春一东 600148
120,*ST建通 600149
121,中国船舶 600150
122,航天机电 600151
123,维科精华 600152
124,建发股份 600153
125,*ST宝硕 600155
126,华升股份 600156
127,永泰能源 600157
128,中体产业 600158
129,大龙地产 600159
130,巨化股份 600160
131,天坛生物 600161
132,香江控股 600162
133,福建南纸 600163
134,宁夏恒力 600165
135,福田汽车 600166
136,联美控股 600167
137,武汉控股 600168
138,太原重工 600169
139,上海建工 600170
140,上海贝岭 600171
141,黄河旋风 600172
142,卧龙地产 600173
143,美都控股 600175
144,中国玻纤 600176
145,雅戈尔 600177
146,东安动力 600178
147,*ST黑化 600179
148,*ST九发 600180
149,S佳通 600182
150,生益科技 600183
151,光电股份 600184
152,格力地产 600185
153,莲花味精 600186
154,国中水务 600187
155,兖州煤业 600188
156,吉林森工 600189
157,锦州港 600190
158,华资实业 600191
159,长城电工 600192
160,创兴置业 600193
161,中牧股份 600195
162,复星医药 600196
163,伊力特 600197
164,大唐电信 600198
165,金种子酒 600199
166,江苏吴中 600200
167,金宇集团 600201
168,哈空调 600202
169,*ST福日 600203
170,有研硅股 600206
171,ST安彩 600207
172,新湖中宝 600208
173,*ST罗顿 600209
174,紫江企业 600210
175,西藏药业 600211
176,江泉实业 600212
177,亚星客车 600213
178,长春经开 600215
179,浙江医药 600216
180,*ST秦岭 600217
181,全柴动力 600218
182,南山铝业 600219
183,江苏阳光 600220
184,海南航空 600221
185,太龙药业 600222
186,鲁商置业 600223
187,天津松江 600225
188,升华拜克 600226
189,赤天化 600227
190,昌九生化 600228
191,青岛碱业 600229
192,沧州大化 600230
193,凌钢股份 600231
194,金鹰股份 600232
195,大杨创世 600233
196,ST天龙 600234
197,民丰特纸 600235
198,桂冠电力 600236
199,铜峰电子 600237
200,海南椰岛 600238
201,云南城投 600239
202,华业地产 600240
203,时代万恒 600241
204,ST华龙 600242
205,青海华鼎 600243
206,万通地产 600246
207,成城股份 600247
208,延长化建 600248
209,两面针 600249
210,南纺股份 600250
211,冠农股份 600251
212,中恒集团 600252
213,天方药业 600253
214,鑫科材料 600255
215,广汇股份 600256
216,大湖股份 600257
217,首旅股份 600258
218,广晟有色 600259
219,凯乐科技 600260
220,阳光照明 600261
221,北方股份 600262
222,路桥建设 600263
223,景谷林业 600265
224,北京城建 600266
225,海正药业 600267
226,国电南自 600268
227,赣粤高速 600269
228,外运发展 600270
229,航天信息 600271
230,开开实业 600272
231,华芳纺织 600273
232,ST昌鱼 600275
233,恒瑞医药 600276
234,亿利能源 600277
235,东方创业 600278
236,重庆港九 600279
237,南京中商 600280
238,太化股份 600281
239,南钢股份 600282
240,钱江水利 600283
241,浦东建设 600284
242,羚锐制药 600285
243,江苏舜天 600287
244,大恒科技 600288
245,亿阳信通 600289
246,华仪电气 600290
247,西水股份 600291
248,九龙电力 600292
249,三峡新材 600293
250,鄂尔多斯 600295
251,美罗药业 600297
252,安琪酵母 600298
253,*ST新材 600299
254,维维股份 600300
255,*ST南化 600301
256,标准股份 600302
257,曙光股份 600303
258,恒顺醋业 600305
259,商业城 600306
260,酒钢宏兴 600307
261,华泰股份 600308
262,烟台万华 600309
263,桂东电力 600310
264,荣华实业 600311
265,平高电气 600312
266,上海家化 600315
267,洪都航空 600316
268,营口港 600317
269,巢东股份 600318
270,亚星化学 600319
271,振华重工 600320
272,国栋建设 600321
273,天房发展 600322
274,南海发展 600323
275,华发股份 600325
276,西藏天路 600326
277,大厦股份 600327
278,兰太实业 600328
279,中新药业 600329
280,天通股份 600330
281,宏达股份 600331
282,广州药业 600332
283,长春燃气 600333
284,*ST盛工 600335
285,澳柯玛 600336
286,美克股份 600337
287,ST珠峰 600338
288,天利高新 600339
289,ST国祥 600340
290,航天动力 600343
291,长江通信 600345
292,大橡塑 600346
293,国阳新能 600348
294,山东高速 600350
295,亚宝药业 600351
296,浙江龙盛 600352
297,旭光股份 600353
298,敦煌种业 600354
299,*ST精伦 600355
300,恒丰纸业 600356
301,国旅联合 600358
302,新农开发 600359
303,华微电子 600360
304,华联综超 600361
305,江西铜业 600362
306,联创光电 600363
307,*ST通葡 600365
308,宁波韵升 600366
309,红星发展 600367
310,五洲交通 600368
311,西南证券 600369
312,三房巷 600370
313,万向德农 600371
314,ST昌河 600372
315,*ST鑫新 600373
316,星马汽车 600375
317,首开股份 600376
318,宁沪高速 600377
319,天科股份 600378
320,宝光股份 600379
321,健康元 600380
322,ST贤成 600381
323,广东明珠 600382
324,金地集团 600383
325,ST金泰 600385
326,北巴传媒 600386
327,海越股份 600387
328,龙净环保 600388
329,江山股份 600389
330,金瑞科技 600390
331,成发科技 600391
332,太工天成 600392
333,东华实业 600393
334,盘江股份 600395
335,金山股份 600396
336,安源股份 600397
337,凯诺科技 600398
338,抚顺特钢 600399
339,红豆股份 600400
340,大有能源 600403
341,动力源 600405
342,国电南瑞 600406
343,安泰集团 600408
344,三友化工 600409
345,华胜天成 600410
346,小商品城 600415
347,湘电股份 600416
348,江淮汽车 600418
349,ST天宏 600419
350,现代制药 600420
351,ST国药 600421
352,昆明制药 600422
353,柳化股份 600423
354,青松建化 600425
355,华鲁恒升 600426
356,中远航运 600428
357,三元股份 600429
358,吉恩镍业 600432
359,冠豪高新 600433
360,中兵光电 600435
361,片仔癀 600436
362,通威股份 600438
363,瑞贝卡 600439
364,*ST国通 600444
365,金证股份 600446
366,华纺股份 600448
367,赛马实业 600449
368,涪陵电力 600452
369,*ST博通 600455
370,宝钛股份 600456
371,时代新材 600458
372,贵研铂业 600459
373,士兰微 600460
374,洪城水业 600461
375,*ST石岘 600462
376,空港股份 600463
377,迪康药业 600466
378,好当家 600467
379,百利电气 600468
380,风神股份 600469
381,六国化工 600470
382,华光股份 600475
383,湘邮科技 600476
384,杭萧钢构 600477
385,科力远 600478
386,千金药业 600479
387,凌云股份 600480
388,双良节能 600481
389,风帆股份 600482
390,福建南纺 600483
391,中创信测 600485
392,扬农化工 600486
393,亨通光电 600487
394,天药股份 600488
395,中金黄金 600489
396,*ST合臣 600490
397,龙元建设 600491
398,凤竹纺织 600493
399,晋西车轴 600495
400,精工钢构 600496
401,驰宏锌锗 600497
402,烽火通信 600498
403,科达机电 600499
404,中化国际 600500
405,航天晨光 600501
406,安徽水利 600502
407,华丽家族 600503
408,西昌电力 600505
409,ST香梨 600506
410,方大特钢 600507
411,上海能源 600508
412,天富热电 600509
413,黑牡丹 600510
414,国药股份 600511
415,腾达建设 600512
416,联环药业 600513
417,*ST筑信 600515
418,方大炭素 600516
419,置信电气 600517
420,康美药业 600518
421,贵州茅台 600519
422,三佳科技 600520
423,华海药业 600521
424,中天科技 600522
425,贵航股份 600523
426,长园集团 600525
427,菲达环保 600526
428,江南高纤 600527
429,中铁二局 600528
430,山东药玻 600529
431,交大昂立 600530
432,豫光金铅 600531
433,华阳科技 600532
434,栖霞建设 600533
435,天士力 600535
436,中国软件 600536
437,海通集团 600537
438,*ST国发 600538
439,狮头股份 600539
440,新赛股份 600540
441,莫高股份 600543
442,新疆城建 600545
443,山煤国际 600546
444,山东黄金 600547
445,深高速 600548
446,厦门钨业 600549
447,天威保变 600550
448,时代出版 600551
449,方兴科技 600552
450,九龙山 600555
451,康缘药业 600557
452,大西洋 600558
453,老白干酒 600559
454,金自天正 600560
455,江西长运 600561
456,*ST高陶 600562
457,法拉电子 600563
458,迪马股份 600565
459,洪城股份 600566
460,山鹰纸业 600567
461,中珠控股 600568
462,安阳钢铁 600569
463,恒生电子 600570
464,信雅达 600571
465,康恩贝 600572
466,惠泉啤酒 600573
467,芜湖港 600575
468,万好万家 600576
469,精达股份 600577
470,京能热电 600578
471,ST黄海 600579
472,卧龙电气 600580
473,八一钢铁 600581
474,天地科技 600582
475,海油工程 600583
476,长电科技 600584
477,海螺水泥 600585
478,金晶科技 600586
479,新华医疗 600587
480,用友软件 600588
481,广东榕泰 600589
482,泰豪科技 600590
483,龙溪股份 600592
484,大连圣亚 600593
485,益佰制药 600594
486,中孚实业 600595
487,新安股份 600596
488,光明乳业 600597
489,北大荒 600598
490,熊猫烟花 600599
491,青岛啤酒 600600
492,方正科技 600601
493,广电电子 600602
494,ST兴  业 600603
495,ST二纺 600604
496,汇通能源 600605
497,金丰投资 600606
498,*ST沪科 600608
499,*ST金杯 600609
500,SST中纺 600610
501,大众交通 600611
502,老凤祥 600612
503,永生投资 600613
504,鼎立股份 600614
505,丰华股份 600615
506,金枫酒业 600616
507,*ST联华 600617
508,氯碱化工 600618
509,海立股份 600619
510,天宸股份 600620
511,上海金陵 600621
512,嘉宝集团 600622
513,双钱股份 600623
514,复旦复华 600624
515,申达股份 600626
516,新世界 600628
517,棱光实业 600629
518,龙头股份 600630
519,百联股份 600631
520,*ST海鸟 600634
521,大众公用 600635
522,三爱富 600636
523,广电信息 600637
524,新黄浦 600638
525,浦东金桥 600639
526,中卫国脉 600640
527,万业企业 600641
528,申能股份 600642
529,爱建股份 600643
530,乐山电力 600644
531,ST中源 600645
532,同达创业 600647
533,外高桥 600648
534,城投控股 600649
535,锦江投资 600650
536,飞乐音响 600651
537,爱使股份 600652
538,申华控股 600653
539,飞乐股份 600654
540,豫园商城 600655
541,ST方源 600656
542,信达地产 600657
543,电子城 600658
544,福耀玻璃 600660
545,新南洋 600661
546,强生控股 600662
547,陆家嘴 600663
548,哈药股份 600664
549,天地源 600665
550,西南药业 600666
551,太极实业 600667
552,尖峰集团 600668
553,天目药业 600671
554,东阳光铝 600673
555,川投能源 600674
556,中华企业 600675
557,交运股份 600676
558,航天通信 600677
559,*ST金顶 600678
560,金山开发 600679
561,上海普天 600680
562,南京新百 600682
563,京投银泰 600683
564,珠江实业 600684
565,广船国际 600685
566,金龙汽车 600686
567,刚泰控股 600687
568,S上石化 600688
569,上海三毛 600689
570,青岛海尔 600690
571,*ST东碳 600691
572,亚通股份 600692
573,东百集团 600693
574,大商股份 600694
575,大江股份 600695
576,多伦股份 600696
577,欧亚集团 600697
578,ST轻骑 600698
579,*ST得亨 600699
580,工大高新 600701
581,沱牌曲酒 600702
582,三安光电 600703
583,中大股份 600704
584,ST长信 600706
585,彩虹股份 600707
586,海博股份 600708
587,常林股份 600710
588,雄震矿业 600711
589,南宁百货 600712
590,南京医药 600713
591,ST金瑞 600714
592,ST松辽 600715
593,凤凰股份 600716
594,天津港 600717
595,东软集团 600718
596,大连热电 600719
597,祁连山 600720
598,ST百花 600721
599,*ST金化 600722
600,西单商场 600723
601,宁波富达 600724
602,云维股份 600725
603,华电能源 600726
604,ST新太 600728
605,重庆百货 600729
606,中国高科 600730
607,湖南海利 600731
608,上海新梅 600732
609,S前锋 600733
610,实达集团 600734
611,新华锦 600735
612,苏州高新 600736
613,中粮屯河 600737
614,兰州民百 600738
615,辽宁成大 600739
616,*ST山焦 600740
617,华域汽车 600741
618,一汽富维 600742
619,华远地产 600743
620,华银电力 600744
621,中茵股份 600745
622,江苏索普 600746
623,大连控股 600747
624,上实发展 600748
625,西藏旅游 600749
626,江中药业 600750
627,SST天海 600751
628,东方银星 600753
629,锦江股份 600754
630,厦门国贸 600755
631,浪潮软件 600756
632,*ST源发 600757
633,红阳能源 600758
634,正和股份 600759
635,中航黑豹 600760
636,安徽合力 600761
637,通策医疗 600763
638,中电广通 600764
639,中航重机 600765
640,园城股份 600766
641,运盛实业 600767
642,宁波富邦 600768
643,*ST祥龙 600769
644,综艺股份 600770
645,ST东盛 600771
646,西藏城投 600773
647,汉商集团 600774
648,南京熊猫 600775
649,东方通信 600776
650,新潮实业 600777
651,友好集团 600778
652,水井坊 600779
653,通宝能源 600780
654,上海辅仁 600781
655,新钢股份 600782
656,鲁信高新 600783
657,鲁银投资 600784
658,新华百货 600785
659,中储股份 600787
660,鲁抗医药 600789
661,轻纺城 600790
662,京能置业 600791
663,ST马龙 600792
664,ST宜纸 600793
665,保税科技 600794
666,国电电力 600795
667,钱江生化 600796
668,浙大网新 600797
669,宁波海运 600798
670,ST磁卡 600800
671,华新水泥 600801
672,福建水泥 600802
673,威远生化 600803
674,鹏博士 600804
675,悦达投资 600805
676,昆明机床 600806
677,天业股份 600807
678,马钢股份 600808
679,山西汾酒 600809
680,神马股份 600810
681,东方集团 600811
682,华北制药 600812
683,杭州解百 600814
684,厦工股份 600815
685,安信信托 600816
686,中路股份 600818
687,耀皮玻璃 600819
688,隧道股份 600820
689,津劝业 600821
690,上海物贸 600822
691,世茂股份 600823
692,益民集团 600824
693,新华传媒 600825
694,兰生股份 600826
695,友谊股份 600827
696,成商集团 600828
697,三精制药 600829
698,香溢融通 600830
699,广电网络 600831
700,东方明珠 600832
701,第一医药 600833
702,申通地铁 600834
703,上海机电 600835
704,界龙实业 600836
705,海通证券 600837
706,上海九百 600838
707,四川长虹 600839
708,上柴股份 600841
709,上工申贝 600843
710,丹化科技 600844
711,宝信软件 600845
712,同济科技 600846
713,ST渝万里 600847
714,自仪股份 600848
715,华东电脑 600850
716,海欣股份 600851
717,龙建股份 600853
718,ST春兰 600854
719,航天长峰 600855
720,长百集团 600856
721,工大首创 600857
722,银座股份 600858
723,王府井 600859
724,*ST北人 600860
725,北京城乡 600861
726,南通科技 600862
727,内蒙华电 600863
728,哈投股份 600864
729,百大集团 600865
730,星湖科技 600866
731,通化东宝 600867
732,ST梅雁 600868
733,三普药业 600869
734,ST厦华 600870
735,S仪化 600871
736,中炬高新 600872
737,五洲明珠 600873
738,创业环保 600874
739,东方电气 600875
740,ST洛玻 600876
741,中国嘉陵 600877
742,航天电子 600879
743,博瑞传播 600880
744,亚泰集团 600881
745,大成股份 600882
746,博闻科技 600883
747,杉杉股份 600884
748,*ST力阳 600885
749,国投电力 600886
750,伊利股份 600887
751,新疆众和 600888
752,南京化纤 600889
753,ST中房 600890
754,ST秋林 600891
755,*ST宝诚 600892
756,航空动力 600893
757,广钢股份 600894
758,张江高科 600895
759,中海海盛 600896
760,厦门空港 600897
761,长江电力 600900
762,滨州活塞 600960
763,株冶集团 600961
764,国投中鲁 600962
765,岳阳纸业 600963
766,福成五丰 600965
767,博汇纸业 600966
768,北方创业 600967
769,郴电国际 600969
770,中材国际 600970
771,恒源煤电 600971
772,宝胜股份 600973
773,新五丰 600975
774,武汉健民 600976
775,宜华木业 600978
776,广安爱众 600979
777,北矿磁材 600980
778,江苏开元 600981
779,宁波热电 600982
780,合肥三洋 600983
781,*ST建机 600984
782,雷鸣科化 600985
783,科达股份 600986
784,航民股份 600987
785,*ST宝龙 600988
786,四创电子 600990
787,广汽长丰 600991
788,贵绳股份 600992
789,马应龙 600993
790,文山电力 600995
791,开滦股份 600997
792,九州通 600998
793,招商证券 600999
794,唐山港 601000
795,大同煤业 601001
796,晋亿实业 601002
797,柳钢股份 601003
798,重庆钢铁 601005
799,大秦铁路 601006
800,金陵饭店 601007
801,连云港 601008
802,南京银行 601009
803,宝泰隆 601011
804,宁波港 601018
805,中国神华 601088
806,中南传媒 601098
807,太平洋 601099
808,昊华能源 601101
809,中国一重 601106
810,四川成渝 601107
811,中国国航 601111
812,三江购物 601116
813,中国化学 601117
814,海南橡胶 601118
815,四方股份 601126
816,博威合金 601137
817,深圳燃气 601139
818,重庆水务 601158
819,兴业银行 601166
820,西部矿业 601168
821,北京银行 601169
822,杭齿前进 601177
823,中国西电 601179
824,中国铁建 601186
825,龙江交通 601188
826,内蒙君正 601216
827,二重重装 601268
828,农业银行 601288
829,中国北车 601299
830,中国平安 601318
831,交通银行 601328
832,广深铁路 601333
833,陕鼓动力 601369
834,兴业证券 601377
835,中国中铁 601390
836,工商银行 601398
837,吉林高速 601518
838,大智慧 601519
839,华锐风电 601558
840,北辰实业 601588
841,中国铝业 601600
842,中国太保 601601
843,上海医药 601607
844,广电电气 601616
845,中国中冶 601618
846,中国人寿 601628
847,平煤股份 601666
848,中国建筑 601668
849,DR滨化股 601678
850,华泰证券 601688
851,潞安环能 601699
852,风范股份 601700
853,郑煤机 601717
854,际华集团 601718
855,上海电气 601727
856,中国南车 601766
857,力帆股份 601777
858,光大证券 601788
859,星宇股份 601799
860,皖新传媒 601801
861,中海油服 601808
862,光大银行 601818
863,中国石油 601857
864,中海集运 601866
865,招商轮船 601872
866,正泰电器 601877
867,大连港 601880
868,中国国旅 601888
869,亚星锚链 601890
870,中煤能源 601898
871,紫金矿业 601899
872,国投新集 601918
873,中国远洋 601919
874,永辉超市 601933
875,建设银行 601939
876,金钼股份 601958
877,中国银行 601988
878,中国重工 601989
879,大唐发电 601991
880,金隅股份 601992
881,中信银行 601998
882,出版传媒 601999
883,深发展Ａ 000001
884,万  科Ａ 000002
885,ST国农 000004
886,世纪星源 000005
887,深振业Ａ 000006
888,ST零七 000007
889,ST宝利来 000008
890,中国宝安 000009
891,S ST华新 000010
892,深物业A 000011
893,南  玻Ａ 000012
894,沙河股份 000014
895,深康佳Ａ 000016
896,*ST中华A 000017
897,ST中冠A 000018
898,深深宝Ａ 000019
899,深华发Ａ 000020
900,长城开发 000021
901,深赤湾Ａ 000022
902,深天地Ａ 000023
903,招商地产 000024
904,特  力Ａ 000025
905,飞亚达Ａ 000026
906,深圳能源 000027
907,一致药业 000028
908,深深房Ａ 000029
909,*ST盛润A 000030
910,中粮地产 000031
911,深桑达Ａ 000032
912,新都酒店 000033
913,ST深泰 000034
914,*ST科健 000035
915,华联控股 000036
916,深南电Ａ 000037
917,中集集团 000039
918,深 鸿 基 000040
919,深 长 城 000042
920,中航地产 000043
921,深纺织Ａ 000045
922,泛海建设 000046
923,ST康达尔 000048
924,德赛电池 000049
925,深天马Ａ 000050
926,方大集团 000055
927,深 国 商 000056
928,深 赛 格 000058
929,辽通化工 000059
930,中金岭南 000060
931,农 产 品 000061
932,深圳华强 000062
933,中兴通讯 000063
934,北方国际 000065
935,长城电脑 000066
936,ST三星 000068
937,华侨城Ａ 000069
938,特发信息 000070
939,海王生物 000078
940,盐 田 港 000088
941,深圳机场 000089
942,深 天 健 000090
943,广聚能源 000096
944,中信海直 000099
945,TCL 集团 000100
946,宜华地产 000150
947,中成股份 000151
948,丰原药业 000153
949,川化股份 000155
950,中联重科 000157
951,常山股份 000158
952,国际实业 000159
953,东方市场 000301
954,潍柴动力 000338
955,许继电气 000400
956,冀东水泥 000401
957,金 融 街 000402
958,华意压缩 000404
959,胜利股份 000407
960,*ST金谷 000408
961,ST泰复 000409
962,沈阳机床 000410
963,英特集团 000411
964,宝  石Ａ 000413
965,*ST汇通 000415
966,民生投资 000416
967,合肥百货 000417
968,小天鹅Ａ 000418
969,通程控股 000419
970,吉林化纤 000420
971,南京中北 000421
972,湖北宜化 000422
973,东阿阿胶 000423
974,徐工机械 000425
975,富龙热电 000426
976,华天酒店 000428
977,粤高速Ａ 000429
978,*ST张股 000430
979,晨鸣纸业 000488
980,鄂武商Ａ 000501
981,绿景地产 000502
982,海虹控股 000503
983,*ST传媒 000504
984,ST珠江 000505
985,中润投资 000506
986,珠海港 000507
987,S*ST华塑 000509
988,金路集团 000510
989,银基发展 000511
990,丽珠集团 000513
991,渝 开 发 000514
992,开元控股 000516
993,荣安地产 000517
994,四环生物 000518
995,江南红箭 000519
996,长航凤凰 000520
997,美菱电器 000521
998,白云山Ａ 000522
999,广州浪奇 000523
1000,东方宾馆 000524
1001,红 太 阳 000525
1002,旭飞投资 000526
1003,美的电器 000527
1004,柳    工 000528
1005,广弘控股 000529
1006,大冷股份 000530
1007,穗恒运Ａ 000531
1008,力合股份 000532
1009,万 家 乐 000533
1010,万泽股份 000534
1011,华映科技 000536
1012,广宇发展 000537
1013,云南白药 000538
1014,粤电力Ａ 000539
1015,中天城投 000540
1016,佛山照明 000541
1017,皖能电力 000543
1018,中原环保 000544
1019,吉林制药 000545
1020,光华控股 000546
1021,闽福发Ａ 000547
1022,湖南投资 000548
1023,江铃汽车 000550
1024,创元科技 000551
1025,靖远煤电 000552
1026,沙隆达Ａ 000553
1027,泰山石油 000554
1028,ST 太 光 000555
1029,*ST广夏 000557
1030,莱茵置业 000558
1031,万向钱潮 000559
1032,昆百大Ａ 000560
1033,烽火电子 000561
1034,宏源证券 000562
1035,陕国投Ａ 000563
1036,西安民生 000564
1037,渝三峡Ａ 000565
1038,海南海药 000566
1039,海德股份 000567
1040,泸州老窖 000568
1041,苏常柴Ａ 000570
1042,新大洲Ａ 000571
1043,海马股份 000572
1044,粤宏远Ａ 000573
1045,ST甘化 000576
1046,盐湖集团 000578
1047,威孚高科 000581
1048,北 海 港 000582
1049,友利控股 000584
1050,东北电气 000585
1051,ST汇源 000586
1052,S*ST光明 000587
1053,黔轮胎Ａ 000589
1054,紫光古汉 000590
1055,桐 君 阁 000591
1056,中福实业 000592
1057,大通燃气 000593
1058,国恒铁路 000594
1059,西北轴承 000595
1060,古井贡酒 000596
1061,东北制药 000597
1062,兴蓉投资 000598
1063,青岛双星 000599
1064,建投能源 000600
1065,韶能股份 000601
1066,*ST金马 000602
1067,*ST 威达 000603
1068,ST 四 环 000605
1069,青海明胶 000606
1070,华智控股 000607
1071,阳光股份 000608
1072,绵世股份 000609
1073,西安旅游 000610
1074,时代科技 000611
1075,焦作万方 000612
1076,ST东海Ａ 000613
1077,湖北金环 000615
1078,亿城股份 000616
1079,石油济柴 000617
1080,海螺型材 000619
1081,吉林敖东 000623
1082,长安汽车 000625
1083,如意集团 000626
1084,天茂集团 000627
1085,高新发展 000628
1086,*ST钒钛 000629
1087,铜陵有色 000630
1088,顺发恒业 000631
1089,三木集团 000632
1090,ST合金 000633
1091,英 力 特 000635
1092,风华高科 000636
1093,茂化实华 000637
1094,万方地产 000638
1095,西王食品 000639
1096,仁和药业 000650
1097,格力电器 000651
1098,泰达股份 000652
1099,金岭矿业 000655
1100,ST 东 源 000656
1101,珠海中富 000659
1102,长春高新 000661
1103,索 芙 特 000662
1104,永安林业 000663
1105,武汉塑料 000665
1106,经纬纺机 000666
1107,名流置业 000667
1108,荣丰控股 000668
1109,领先科技 000669
1110,阳 光 城 000671
1111,*ST大水 000673
1112,*ST思达 000676
1113,山东海龙 000677
1114,襄阳轴承 000678
1115,大连友谊 000679
1116,山推股份 000680
1117,东方电子 000682
1118,远兴能源 000683
1119,中山公用 000685
1120,东北证券 000686
1121,保定天鹅 000687
1122,宝新能源 000690
1123,*ST亚太 000691
1124,惠天热电 000692
1125,滨海能源 000695
1126,*ST 偏转 000697
1127,沈阳化工 000698
1128,模塑科技 000700
1129,厦门信达 000701
1130,正虹科技 000702
1131,*ST光华 000703
1132,浙江震元 000705
1133,双环科技 000707
1134,大冶特钢 000708
1135,河北钢铁 000709
1136,天兴仪表 000710
1137,天伦置业 000711
1138,锦龙股份 000712
1139,丰乐种业 000713
1140,中兴商业 000715
1141,*ST南方 000716
1142,韶钢松山 000717
1143,苏宁环球 000718
1144,ST能山 000720
1145,西安饮食 000721
1146,美锦能源 000723
1147,京东方Ａ 000725
1148,鲁  泰Ａ 000726
1149,华东科技 000727
1150,国元证券 000728
1151,燕京啤酒 000729
1152,四川美丰 000731
1153,ST三农 000732
1154,振华科技 000733
1155,罗 牛 山 000735
1156,ST 重 实 000736
1157,南风化工 000737
1158,中航动控 000738
1159,普洛股份 000739
1160,长城信息 000748
1161,SST集琦 000750
1162,锌业股份 000751
1163,西藏发展 000752
1164,漳州发展 000753
1165,山西三维 000755
1166,新华制药 000756
1167,中色股份 000758
1168,武汉中百 000759
1169,*ST博盈 000760
1170,本钢板材 000761
1171,西藏矿业 000762
1172,通化金马 000766
1173,漳泽电力 000767
1174,西飞国际 000768
1175,广发证券 000776
1176,中核科技 000777
1177,新兴铸管 000778
1178,三毛派神 000779
1179,平庄能源 000780
1180,美达股份 000782
1181,长江证券 000783
1182,武汉中商 000785
1183,北新建材 000786
1184,西南合成 000788
1185,江西水泥 000789
1186,华神集团 000790
1187,西北化工 000791
1188,盐湖钾肥 000792
1189,华闻传媒 000793
1190,太原刚玉 000795
1191,易食股份 000796
1192,中国武夷 000797
1193,中水渔业 000798
1194,酒 鬼 酒 000799
1195,一汽轿车 000800
1196,四川九洲 000801
1197,北京旅游 000802
1198,金宇车城 000803
1199,银河科技 000806
1200,云铝股份 000807
1201,中汇医药 000809
1202,华润锦华 000810
1203,烟台冰轮 000811
1204,陕西金叶 000812
1205,天山纺织 000813
1206,美利纸业 000815
1207,江淮动力 000816
1208,*ST化工 000818
1209,岳阳兴长 000819
1210,*ST金城 000820
1211,京山轻机 000821
1212,山东海化 000822
1213,超声电子 000823
1214,太钢不锈 000825
1215,桑德环境 000826
1216,东莞控股 000828
1217,天音控股 000829
1218,鲁西化工 000830
1219,*ST关铝 000831
1220,贵糖股份 000833
1221,四川圣达 000835
1222,鑫茂科技 000836
1223,秦川发展 000837
1224,国兴地产 000838
1225,中信国安 000839
1226,承德露露 000848
1227,华茂股份 000850
1228,高鸿股份 000851
1229,江钻股份 000852
1230,ST唐陶 000856
1231,五 粮 液 000858
1232,国风塑业 000859
1233,顺鑫农业 000860
1234,海印股份 000861
1235,银星能源 000862
1236,安凯客车 000868
1237,张  裕Ａ 000869
1238,吉电股份 000875
1239,新 希 望 000876
1240,天山股份 000877
1241,云南铜业 000878
1242,潍柴重机 000880
1243,大连国际 000881
1244,华联股份 000882
1245,湖北能源 000883
1246,同力水泥 000885
1247,海南高速 000886
1248,中鼎股份 000887
1249,峨眉山Ａ 000888
1250,渤海物流 000889
1251,法 尔 胜 000890
1252,*ST星美 000892
1253,东凌粮油 000893
1254,双汇发展 000895
1255,津滨发展 000897
1256,鞍钢股份 000898
1257,赣能股份 000899
1258,现代投资 000900
1259,航天科技 000901
1260,*ST中服 000902
1261,云内动力 000903
1262,厦门港务 000905
1263,南方建材 000906
1264,*ST天一 000908
1265,数源科技 000909
1266,大亚科技 000910
1267,南宁糖业 000911
1268,泸 天 化 000912
1269,钱江摩托 000913
1270,山大华特 000915
1271,华北高速 000916
1272,电广传媒 000917
1273,嘉凯城 000918
1274,金陵药业 000919
1275,南方汇通 000920
1276,ST 科 龙 000921
1277,*ST阿继 000922
1278,河北宣工 000923
1279,众合机电 000925
1280,福星股份 000926
1281,一汽夏利 000927
1282,中钢吉炭 000928
1283,兰州黄河 000929
1284,丰原生化 000930
1285,中 关 村 000931
1286,华菱钢铁 000932
1287,神火股份 000933
1288,四川双马 000935
1289,华 西 村 000936
1290,冀中能源 000937
1291,紫光股份 000938
1292,凯迪电力 000939
1293,南天信息 000948
1294,新乡化纤 000949
1295,建峰化工 000950
1296,中国重汽 000951
1297,广济药业 000952
1298,*ST河化 000953
1299,ST欣龙 000955
1300,中通客车 000957
1301,*ST东热 000958
1302,首钢股份 000959
1303,锡业股份 000960
1304,中南建设 000961
1305,东方钽业 000962
1306,华东医药 000963
1307,天保基建 000965
1308,长源电力 000966
1309,上风高科 000967
1310,煤 气 化 000968
1311,安泰科技 000969
1312,中科三环 000970
1313,ST迈亚 000971
1314,新 中 基 000972
1315,佛塑股份 000973
1316,科 学 城 000975
1317,*ST春晖 000976
1318,浪潮信息 000977
1319,桂林旅游 000978
1320,中弘地产 000979
1321,金马股份 000980
1322,中银绒业 000982
1323,西山煤电 000983
1324,大庆华科 000985
1325,广州友谊 000987
1326,华工科技 000988
1327,九 芝 堂 000989
1328,诚志股份 000990
1329,闽东电力 000993
1330,ST皇台 000995
1331,中国中期 000996
1332,新 大 陆 000997
1333,隆平高科 000998
1334,华润三九 000999
1335,宗申动力 001696
1336,*ST豫能 001896
1337,新 和 成 002001
1338,ST琼花 002002
1339,伟星股份 002003
1340,华邦制药 002004
1341,德豪润达 002005
1342,精功科技 002006
1343,华兰生物 002007
1344,大族激光 002008
1345,天奇股份 002009
1346,传化股份 002010
1347,盾安环境 002011
1348,凯恩股份 002012
1349,中航精机 002013
1350,永新股份 002014
1351,霞客环保 002015
1352,世荣兆业 002016
1353,东信和平 002017
1354,华星化工 002018
1355,鑫富药业 002019
1356,京新药业 002020
1357,中捷股份 002021
1358,科华生物 002022
1359,海特高新 002023
1360,苏宁电器 002024
1361,航天电器 002025
1362,山东威达 002026
1363,七喜控股 002027
1364,思源电气 002028
1365,七 匹 狼 002029
1366,达安基因 002030
1367,巨轮股份 002031
1368,苏 泊 尔 002032
1369,丽江旅游 002033
1370,美 欣 达 002034
1371,华帝股份 002035
1372,宜科科技 002036
1373,久联发展 002037
1374,双鹭药业 002038
1375,黔源电力 002039
1376,南 京 港 002040
1377,登海种业 002041
1378,华孚色纺 002042
1379,兔 宝 宝 002043
1380,江苏三友 002044
1381,广州国光 002045
1382,轴研科技 002046
1383,成霖股份 002047
1384,宁波华翔 002048
1385,晶源电子 002049
1386,三花股份 002050
1387,中工国际 002051
1388,同洲电子 002052
1389,云南盐化 002053
1390,德美化工 002054
1391,得润电子 002055
1392,横店东磁 002056
1393,中钢天源 002057
1394,威 尔 泰 002058
1395,云南旅游 002059
1396,粤 水 电 002060
1397,江山化工 002061
1398,宏润建设 002062
1399,远光软件 002063
1400,华峰氨纶 002064
1401,东华软件 002065
1402,瑞泰科技 002066
1403,景兴纸业 002067
1404,黑猫股份 002068
1405,獐 子 岛 002069
1406,众和股份 002070
1407,江苏宏宝 002071
1408,*ST德棉 002072
1409,软控股份 002073
1410,东源电器 002074
1411,雪 莱 特 002076
1412,大港股份 002077
1413,太阳纸业 002078
1414,苏州固锝 002079
1415,中材科技 002080
1416,金 螳 螂 002081
1417,栋梁新材 002082
1418,孚日股份 002083
1419,海鸥卫浴 002084
1420,万丰奥威 002085
1421,东方海洋 002086
1422,新野纺织 002087
1423,鲁阳股份 002088
1424,新 海 宜 002089
1425,金智科技 002090
1426,江苏国泰 002091
1427,中泰化学 002092
1428,国脉科技 002093
1429,青岛金王 002094
1430,生 意 宝 002095
1431,南岭民爆 002096
1432,山河智能 002097
1433,浔兴股份 002098
1434,海翔药业 002099
1435,天康生物 002100
1436,广东鸿图 002101
1437,冠福家用 002102
1438,广博股份 002103
1439,恒宝股份 002104
1440,信隆实业 002105
1441,莱宝高科 002106
1442,沃华医药 002107
1443,沧州明珠 002108
1444,兴化股份 002109
1445,三钢闽光 002110
1446,威海广泰 002111
1447,三变科技 002112
1448,ST天润 002113
1449,罗平锌电 002114
1450,三维通信 002115
1451,中国海诚 002116
1452,东港股份 002117
1453,紫鑫药业 002118
1454,康强电子 002119
1455,新海股份 002120
1456,科陆电子 002121
1457,天马股份 002122
1458,荣信股份 002123
1459,天邦股份 002124
1460,湘潭电化 002125
1461,银轮股份 002126
1462,新民科技 002127
1463,露天煤业 002128
1464,中环股份 002129
1465,沃尔核材 002130
1466,利欧股份 002131
1467,恒星科技 002132
1468,广宇集团 002133
1469,天津普林 002134
1470,东南网架 002135
1471,安 纳 达 002136
1472,实 益 达 002137
1473,顺络电子 002138
1474,拓邦股份 002139
1475,东华科技 002140
1476,蓉胜超微 002141
1477,宁波银行 002142
1478,高金食品 002143
1479,宏达高科 002144
1480,*ST钛白 002145
1481,荣盛发展 002146
1482,方圆支承 002147
1483,北纬通信 002148
1484,西部材料 002149
1485,江苏通润 002150
1486,北斗星通 002151
1487,广电运通 002152
1488,石基信息 002153
1489,报 喜 鸟 002154
1490,辰州矿业 002155
1491,通富微电 002156
1492,正邦科技 002157
1493,汉钟精机 002158
1494,三特索道 002159
1495,常铝股份 002160
1496,远 望 谷 002161
1497,斯 米 克 002162
1498,中航三鑫 002163
1499,东力传动 002164
1500,红 宝 丽 002165
1501,莱茵生物 002166
1502,东方锆业 002167
1503,深圳惠程 002168
1504,智光电气 002169
1505,芭田股份 002170
1506,精诚铜业 002171
1507,澳洋科技 002172
1508,山 下 湖 002173
1509,梅 花 伞 002174
1510,广陆数测 002175
1511,江特电机 002176
1512,御银股份 002177
1513,延华智能 002178
1514,中航光电 002179
1515,万 力 达 002180
1516,粤 传 媒 002181
1517,云海金属 002182
1518,怡 亚 通 002183
1519,海得控制 002184
1520,华天科技 002185
1521,全 聚 德 002186
1522,广百股份 002187
1523,新 嘉 联 002188
1524,利达光电 002189
1525,成飞集成 002190
1526,劲嘉股份 002191
1527,路翔股份 002192
1528,山东如意 002193
1529,武汉凡谷 002194
1530,海隆软件 002195
1531,方正电机 002196
1532,证通电子 002197
1533,嘉应制药 002198
1534,东晶电子 002199
1535,绿 大 地 002200
1536,九鼎新材 002201
1537,金风科技 002202
1538,海亮股份 002203
1539,华锐铸钢 002204
1540,国统股份 002205
1541,海 利 得 002206
1542,准油股份 002207
1543,合肥城建 002208
1544,达 意 隆 002209
1545,飞马国际 002210
1546,宏达新材 002211
1547,南洋股份 002212
1548,特 尔 佳 002213
1549,大立科技 002214
1550,诺 普 信 002215
1551,三全食品 002216
1552,联合化工 002217
1553,拓日新能 002218
1554,独 一 味 002219
1555,天宝股份 002220
1556,东华能源 002221
1557,福晶科技 002222
1558,鱼跃医疗 002223
1559,三 力 士 002224
1560,濮耐股份 002225
1561,江南化工 002226
1562,奥 特 迅 002227
1563,合兴包装 002228
1564,鸿博股份 002229
1565,科大讯飞 002230
1566,奥维通信 002231
1567,启明信息 002232
1568,塔牌集团 002233
1569,民和股份 002234
1570,安妮股份 002235
1571,大华股份 002236
1572,恒邦股份 002237
1573,天威视讯 002238
1574,金 飞 达 002239
1575,威华股份 002240
1576,歌尔声学 002241
1577,九阳股份 002242
1578,通产丽星 002243
1579,滨江集团 002244
1580,澳洋顺昌 002245
1581,北化股份 002246
1582,帝龙新材 002247
1583,华东数控 002248
1584,大洋电机 002249
1585,联化科技 002250
1586,步 步 高 002251
1587,上海莱士 002252
1588,川大智胜 002253
1589,烟台氨纶 002254
1590,海陆重工 002255
1591,彩虹精化 002256
1592,利尔化学 002258
1593,升达林业 002259
1594,伊 立 浦 002260
1595,拓维信息 002261
1596,恩华药业 002262
1597,大 东 南 002263
1598,新 华 都 002264
1599,西仪股份 002265
1600,浙富股份 002266
1601,陕天然气 002267
1602,卫 士 通 002268
1603,美邦服饰 002269
1604,法因数控 002270
1605,东方雨虹 002271
1606,川润股份 002272
1607,水晶光电 002273
1608,华昌化工 002274
1609,桂林三金 002275
1610,万马电缆 002276
1611,友阿股份 002277
1612,神开股份 002278
1613,久其软件 002279
1614,新世纪 002280
1615,光迅科技 002281
1616,博深工具 002282
1617,天润曲轴 002283
1618,亚太股份 002284
1619,世联地产 002285
1620,保龄宝 002286
1621,奇正藏药 002287
1622,超华科技 002288
1623,宇顺电子 002289
1624,禾盛新材 002290
1625,星期六 002291
1626,奥飞动漫 002292
1627,罗莱家纺 002293
1628,信立泰 002294
1629,精艺股份 002295
1630,辉煌科技 002296
1631,博云新材 002297
1632,鑫龙电器 002298
1633,圣农发展 002299
1634,太阳电缆 002300
1635,齐心文具 002301
1636,西部建设 002302
1637,美盈森 002303
1638,洋河股份 002304
1639,南国置业 002305
1640,湘鄂情 002306
1641,北新路桥 002307
1642,威创股份 002308
1643,中利科技 002309
1644,东方园林 002310
1645,海大集团 002311
1646,三泰电子 002312
1647,日海通讯 002313
1648,雅致股份 002314
1649,焦点科技 002315
1650,键桥通讯 002316
1651,众生药业 002317
1652,久立特材 002318
1653,乐通股份 002319
1654,海峡股份 002320
1655,华英农业 002321
1656,理工监测 002322
1657,中联电气 002323
1658,普利特 002324
1659,洪涛股份 002325
1660,永太科技 002326
1661,富安娜 002327
1662,新朋股份 002328
1663,皇氏乳业 002329
1664,得利斯 002330
1665,皖通科技 002331
1666,仙琚制药 002332
1667,罗普斯金 002333
1668,英威腾 002334
1669,科华恒盛 002335
1670,人人乐 002336
1671,赛象科技 002337
1672,奥普光电 002338
1673,积成电子 002339
1674,格林美 002340
1675,新纶科技 002341
1676,巨力索具 002342
1677,禾欣股份 002343
1678,海宁皮城 002344
1679,潮宏基 002345
1680,柘中建设 002346
1681,泰尔重工 002347
1682,高乐股份 002348
1683,精华制药 002349
1684,北京科锐 002350
1685,漫步者 002351
1686,鼎泰新材 002352
1687,杰瑞股份 002353
1688,科冕木业 002354
1689,兴民钢圈 002355
1690,浩宁达 002356
1691,富临运业 002357
1692,森源电气 002358
1693,齐星铁塔 002359
1694,同德化工 002360
1695,神剑股份 002361
1696,汉王科技 002362
1697,隆基机械 002363
1698,中恒电气 002364
1699,永安药业 002365
1700,丹甫股份 002366
1701,康力电梯 002367
1702,太极股份 002368
1703,卓翼科技 002369
1704,亚太药业 002370
1705,七星电子 002371
1706,伟星新材 002372
1707,联信永益 002373
1708,丽鹏股份 002374
1709,亚厦股份 002375
1710,新北洋 002376
1711,国创高新 002377
1712,章源钨业 002378
1713,鲁丰股份 002379
1714,科远股份 002380
1715,双箭股份 002381
1716,蓝帆股份 002382
1717,合众思壮 002383
1718,东山精密 002384
1719,大北农 002385
1720,天原集团 002386
1721,黑牛食品 002387
1722,新亚制程 002388
1723,南洋科技 002389
1724,信邦制药 002390
1725,长青股份 002391
1726,北京利尔 002392
1727,力生制药 002393
1728,联发股份 002394
1729,双象股份 002395
1730,星网锐捷 002396
1731,梦洁家纺 002397
1732,建研集团 002398
1733,海普瑞 002399
1734,省广股份 002400
1735,交技发展 002401
1736,和而泰 002402
1737,爱仕达 002403
1738,嘉欣丝绸 002404
1739,四维图新 002405
1740,远东传动 002406
1741,多氟多 002407
1742,齐翔腾达 002408
1743,雅克科技 002409
1744,广联达 002410
1745,九九久 002411
1746,汉森制药 002412
1747,常发股份 002413
1748,高德红外 002414
1749,海康威视 002415
1750,爱施德 002416
1751,三元达 002417
1752,康盛股份 002418
1753,天虹商场 002419
1754,毅昌股份 002420
1755,达实智能 002421
1756,科伦药业 002422
1757,中原特钢 002423
1758,贵州百灵 002424
1759,凯撒股份 002425
1760,胜利精密 002426
1761,尤夫股份 002427
1762,云南锗业 002428
1763,兆驰股份 002429
1764,杭氧股份 002430
1765,棕榈园林 002431
1766,九安医疗 002432
1767,太安堂 002433
1768,万里扬 002434
1769,长江润发 002435
1770,兴森科技 002436
1771,誉衡药业 002437
1772,江苏神通 002438
1773,启明星辰 002439
1774,闰土股份 002440
1775,众业达 002441
1776,龙星化工 002442
1777,金洲管道 002443
1778,巨星科技 002444
1779,中南重工 002445
1780,盛路通信 002446
1781,壹桥苗业 002447
1782,中原内配 002448
1783,国星光电 002449
1784,康得新 002450
1785,摩恩电气 002451
1786,长高集团 002452
1787,天马精化 002453
1788,松芝股份 002454
1789,百川股份 002455
1790,欧菲光 002456
1791,青龙管业 002457
1792,益生股份 002458
1793,天业通联 002459
1794,赣锋锂业 002460
1795,珠江啤酒 002461
1796,嘉事堂 002462
1797,沪电股份 002463
1798,金利科技 002464
1799,海格通信 002465
1800,天齐锂业 002466
1801,二六三 002467
1802,艾迪西 002468
1803,三维工程 002469
1804,金正大 002470
1805,中超电缆 002471
1806,双环传动 002472
1807,圣莱达 002473
1808,榕基软件 002474
1809,立讯精密 002475
1810,宝莫股份 002476
1811,雏鹰农牧 002477
1812,常宝股份 002478
1813,富春环保 002479
1814,新筑股份 002480
1815,双塔食品 002481
1816,广田股份 002482
1817,润邦股份 002483
1818,江海股份 002484
1819,希努尔 002485
1820,嘉麟杰 002486
1821,大金重工 002487
1822,金固股份 002488
1823,浙江永强 002489
1824,山东墨龙 002490
1825,通鼎光电 002491
1826,恒基达鑫 002492
1827,荣盛石化 002493
1828,华斯股份 002494
1829,佳隆股份 002495
1830,辉丰股份 002496
1831,雅化集团 002497
1832,汉缆股份 002498
1833,科林环保 002499
1834,山西证券 002500
1835,利源铝业 002501
1836,骅威股份 002502
1837,搜于特 002503
1838,东光微电 002504
1839,大康牧业 002505
1840,超日太阳 002506
1841,涪陵榨菜 002507
1842,老板电器 002508
1843,天广消防 002509
1844,天汽模 002510
1845,中顺洁柔 002511
1846,达华智能 002512
1847,蓝丰生化 002513
1848,宝馨科技 002514
1849,金字火腿 002515
1850,江苏旷达 002516
1851,泰亚股份 002517
1852,科士达 002518
1853,银河电子 002519
1854,日发数码 002520
1855,齐峰股份 002521
1856,浙江众成 002522
1857,天桥起重 002523
1858,光正钢构 002524
1859,山东矿机 002526
1860,新时达 002527
1861,英飞拓 002528
1862,海源机械 002529
1863,丰东股份 002530
1864,天顺风能 002531
1865,新界泵业 002532
1866,金杯电工 002533
1867,杭锅股份 002534
1868,林州重机 002535
1869,西泵股份 002536
1870,海立美达 002537
1871,司尔特 002538
1872,新都化工 002539
1873,亚太科技 002540
1874,鸿路钢构 002541
1875,中化岩土 002542
1876,万和电气 002543
1877,杰赛科技 002544
1878,东方铁塔 002545
1879,新联电子 002546
1880,春兴精工 002547
1881,金新农 002548
1882,凯美特气 002549
1883,千红制药 002550
1884,尚荣医疗 002551
1885,宝鼎重工 002552
1886,南方轴承 002553
1887,惠博普 002554
1888,顺荣股份 002555
1889,辉隆股份 002556
1890,洽洽食品 002557
1891,世纪游轮 002558
1892,亚威股份 002559
1893,通达股份 002560
1894,徐家汇 002561
1895,上海绿新 002565
1896,益盛药业 002566
1897,特锐德 300001
1898,神州泰岳 300002
1899,乐普医疗 300003
1900,南风股份 300004
1901,探路者 300005
1902,莱美药业 300006
1903,汉威电子 300007
1904,上海佳豪 300008
1905,安科生物 300009
1906,立思辰 300010
1907,鼎汉技术 300011
1908,华测检测 300012
1909,新宁物流 300013
1910,亿纬锂能 300014
1911,爱尔眼科 300015
1912,北陆药业 300016
1913,网宿科技 300017
1914,中元华电 300018
1915,硅宝科技 300019
1916,银江股份 300020
1917,大禹节水 300021
1918,吉峰农机 300022
1919,宝德股份 300023
1920,机器人 300024
1921,华星创业 300025
1922,红日药业 300026
1923,华谊兄弟 300027
1924,金亚科技 300028
1925,天龙光电 300029
1926,阳普医疗 300030
1927,宝通带业 300031
1928,金龙机电 300032
1929,同花顺 300033
1930,钢研高纳 300034
1931,中科电气 300035
1932,超图软件 300036
1933,新宙邦 300037
1934,梅泰诺 300038
1935,上海凯宝 300039
1936,九洲电气 300040
1937,回天胶业 300041
1938,朗科科技 300042
1939,星辉车模 300043
1940,赛为智能 300044
1941,华力创通 300045
1942,台基股份 300046
1943,天源迪科 300047
1944,合康变频 300048
1945,福瑞股份 300049
1946,世纪鼎利 300050
1947,三五互联 300051
1948,中青宝 300052
1949,欧比特 300053
1950,鼎龙股份 300054
1951,万邦达 300055
1952,三维丝 300056
1953,万顺股份 300057
1954,蓝色光标 300058
1955,东方财富 300059
1956,康耐特 300061
1957,中能电气 300062
1958,天龙集团 300063
1959,豫金刚石 300064
1960,海兰信 300065
1961,三川股份 300066
1962,安诺其 300067
1963,南都电源 300068
1964,金利华电 300069
1965,碧水源 300070
1966,华谊嘉信 300071
1967,三聚环保 300072
1968,当升科技 300073
1969,华平股份 300074
1970,数字政通 300075
1971,宁波GQY 300076
1972,国民技术 300077
1973,中瑞思创 300078
1974,数码视讯 300079
1975,新大新材 300080
1976,恒信移动 300081
1977,奥克股份 300082
1978,劲胜股份 300083
1979,海默科技 300084
1980,银之杰 300085
1981,康芝药业 300086
1982,荃银高科 300087
1983,长信科技 300088
1984,长城集团 300089
1985,盛运股份 300090
1986,金通灵 300091
1987,科新机电 300092
1988,金刚玻璃 300093
1989,国联水产 300094
1990,华伍股份 300095
1991,易联众 300096
1992,智云股份 300097
1993,高新兴 300098
1994,尤洛卡 300099
1995,双林股份 300100
1996,国腾电子 300101
1997,乾照光电 300102
1998,达刚路机 300103
1999,乐视网 300104
2000,龙源技术 300105
2001,西部牧业 300106
2002,建新股份 300107
2003,双龙股份 300108
2004,新开源 300109
2005,华仁药业 300110
2006,向日葵 300111
2007,万讯自控 300112
2008,顺网科技 300113
2009,中航电测 300114
2010,长盈精密 300115
2011,坚瑞消防 300116
2012,嘉寓股份 300117
2013,东方日升 300118
2014,瑞普生物 300119
2015,经纬电材 300120
2016,阳谷华泰 300121
2017,智飞生物 300122
2018,太阳鸟 300123
2019,汇川技术 300124
2020,易世达 300125
2021,锐奇股份 300126
2022,银河磁体 300127
2023,锦富新材 300128
2024,泰胜风能 300129
2025,新国都 300130
2026,英唐智控 300131
2027,青松股份 300132
2028,华策影视 300133
2029,大富科技 300134
2030,宝利沥青 300135
2031,信维通信 300136
2032,先河环保 300137
2033,晨光生物 300138
2034,福星晓程 300139
2035,启源装备 300140
2036,和顺电气 300141
2037,沃森生物 300142
2038,星河生物 300143
2039,宋城股份 300144
2040,南方泵业 300145
2041,汤臣倍健 300146
2042,香雪制药 300147
2043,天舟文化 300148
2044,量子高科 300149
2045,世纪瑞尔 300150
2046,昌红科技 300151
2047,燃控科技 300152
2048,科泰电源 300153
2049,瑞凌股份 300154
2050,安居宝 300155
2051,天立环保 300156
2052,恒泰艾普 300157
2053,振东制药 300158
2054,新研股份 300159
2055,秀强股份 300160
2056,华中数控 300161
2057,雷曼光电 300162
2058,先锋新材 300163
2059,通源石油 300164
2060,天瑞仪器 300165
2061,东方国信 300166
2062,迪威视讯 300167
2063,万达信息 300168
2064,天晟新材 300169
2065,汉得信息 300170
2066,东富龙 300171
2067,中电环保 300172
2068,松德股份 300173
2069,元力股份 300174
2070,朗源股份 300175
2071,鸿特精密 300176
2072,中海达 300177
2073,腾邦国际 300178
2074,四方达 300179
2075,华峰超纤 300180
2076,佐力药业 300181
2077,捷成股份 300182
2078,东软载波 300183
2079,力源信息 300184
2080,通裕重工 300185
2081,大华农 300186
2082,永清环保 300187
2083,基金金泰 500001
2084,基金泰和 500002
2085,基金安信 500003
2086,基金汉盛 500005
2087,基金裕阳 500006
2088,基金兴华 500008
2089,基金安顺 500009
2090,基金金鑫 500011
2091,基金汉兴 500015
2092,基金兴和 500018
2093,基金通乾 500038
2094,基金科瑞 500056
2095,基金银丰 500058
2096,治理ETF 510010
2097,治理申赎 510011
2098,申赎资金 510012
2099,超大ETF 510020
2100,超大申赎 510021
2101,申赎资金 510022
2102,价值ETF 510030
2103,价值申赎 510031
2104,申赎资金 510032
2105,50ETF 510050
2106,50申  赎 510051
2107,申赎资金 510052
2108,央企ETF 510060
2109,央企申赎 510061
2110,申赎资金 510062
2111,民企ETF 510070
2112,民企申赎 510071
2113,申赎资金 510072
2114,责任ETF 510090
2115,责任申赎 510091
2116,申赎资金 510092
2117,周期ETF 510110
2118,周期申赎 510111
2119,申赎资金 510112
2120,中盘ETF 510130
2121,中盘申赎 510131
2122,申赎资金 510132
2123,消费ETF 510150
2124,消费申赎 510151
2125,申赎资金 510152
2126,小康ETF 510160
2127,小康申赎 510161
2128,申赎资金 510162
2129,商品ETF 510170
2130,商品申赎 510171
2131,申赎资金 510172
2132,180ETF 510180
2133,180申 赎 510181
2134,申赎资金 510182
2135,龙头ETF 510190
2136,龙头申赎 510191
2137,申赎资金 510192
2138,红利ETF 510880
2139,红利申赎 510881
2140,申赎资金 510882
2141,银华优选 519001
2142,海富收益 519003
2143,海富股票 519005
2144,海富回报 519007
2145,添富优势 519008
2146,海富精选 519011
2147,海富优势 519013
2148,海富贰号 519015
2149,大成成长 519017
2150,添富均衡 519018
2151,大成景阳 519019
2152,金鼎价值 519021
2153,海富债券 519023
2154,海富领先 519025
2155,海富小盘 519026
2156,海富周期 519027
2157,华夏稳增 519028
2158,华夏稳增 519029
2159,海富稳固 519030
2160,富国天博 519035
2161,长盛同德 519039
2162,添富蓝筹 519066
2163,添富焦点 519068
2164,添富价值 519069
2165,添富增收 519078
2166,新华分红 519087
2167,新华成长 519089
2168,新华钻石 519093
2169,新华行业 519095
2170,新华市值 519097
2171,长盛100 519100
2172,浦银价值 519110
2173,浦银收益 519111
2174,浦银生活 519113
2175,浦银红利 519115
2176,浦银300 519116
2177,万家 180 519180
2178,万家和谐 519181
2179,万家引擎 519183
2180,万家精选 519185
2181,万家稳增 519186
2182,大成300A 519300
2183,万家货币 519508
2184,浦银货A 519509
2185,添富货币 519518
2186,友邦增利 519519
2187,银河银信 519666
2188,银河成长 519668
2189,银河行业 519670
2190,300价值 519671
2191,银河蓝筹 519672
2192,银河创新 519674
2193,交银增利 519680
2194,交银精选 519688
2195,交银稳健 519690
2196,交银成长 519692
2197,交银先锋 519698
2198,交银主题 519700
2199,交银趋势 519702
2200,长信量化 519983
2201,CX中短债 519985
2202,长信恒利 519987
2203,长信利丰 519989
2204,长信双利 519991
2205,长信增利 519993
2206,长信金利 519995
2207,长信银利 519997
2208,浦银货A 521509
2209,银华YXZT 522001
2210,海富SYZT 522003
2211,海富GPZT 522005
2212,海富QHZT 522007
2213,添富YSZT 522008
2214,海富JXZT 522011
2215,海富YSZT 522013
2216,海富EHZT 522015
2217,大成CZZT 522017
2218,添富JHZT 522018
2219,大成JYZT 522019
2220,金鼎JZZT 522021
2221,海富ZQZT 522023
2222,海富LXZT 522025
2223,海富XPZT 522026
2224,海富SZZT 522027
2225,华夏WZZT 522028
2226,华夏WZZT 522029
2227,海富WGZT 522030
2228,富国TBZT 522035
2229,长盛TDZT 522039
2230,添富LCZT 522066
2231,添富JDZT 522068
2232,添富JZZT 522069
2233,添富ZSZT 522078
2234,新华FHZT 522087
2235,新华CZZT 522089
2236,新华ZSZT 522093
2237,新华HYZT 522095
2238,新华SZZT 522097
2239,长盛YBZT 522100
2240,浦银JZZT 522110
2241,浦银SYZT 522111
2242,浦银SHZT 522113
2243,浦银HLZT 522115
2244,浦银30ZT 522116
2245,万家18ZT 522180
2246,万家HXZT 522181
2247,万家YQZT 522183
2248,万家JXZT 522185
2249,万家WZZT 522186
2250,大成ZSZT 522300
2251,万家HBZT 522508
2252,添富HBZT 522518
2253,友邦ZLZT 522519
2254,银河YXZT 522666
2255,银河CZZT 522668
2256,银河HYZT 522670
2257,300JZZT 522671
2258,银河LCZT 522672
2259,银河CXZT 522674
2260,交银ZLZT 522680
2261,交银JXZT 522688
2262,交银WJZT 522690
2263,交银CZZT 522692
2264,交银XFZT 522698
2265,交银ZTZT 522700
2266,交银QSZT 522702
2267,长信LHZT 522983
2268,CXZDZZT 522985
2269,长信HLZT 522987
2270,长信LFZT 522989
2271,长信SLZT 522991
2272,长信ZLZT 522993
2273,长信JLZT 522995
2274,长信YLZT 522997
2275,银华YXFH 523001
2276,海富SYFH 523003
2277,海富GPFH 523005
2278,海富QHFH 523007
2279,添富YSFH 523008
2280,海富JXFH 523011
2281,海富YSFH 523013
2282,海富EHFH 523015
2283,大成CZFH 523017
2284,添富JHFH 523018
2285,大成JYFH 523019
2286,金鼎JZFH 523021
2287,海富ZQFH 523023
2288,海富LXFH 523025
2289,海富XPFH 523026
2290,海富SZFH 523027
2291,华夏WZFH 523028
2292,华夏WZFH 523029
2293,海富WGFH 523030
2294,富国TBFH 523035
2295,长盛TDFH 523039
2296,添富LCFH 523066
2297,添富JDFH 523068
2298,添富JZFH 523069
2299,添富ZSFH 523078
2300,新华FHFH 523087
2301,新华CZFH 523089
2302,新华ZSFH 523093
2303,新华HYFH 523095
2304,新华SZFH 523097
2305,长盛YBFH 523100
2306,浦银JZFH 523110
2307,浦银SYFH 523111
2308,浦银SHFH 523113
2309,浦银HLFH 523115
2310,浦银30FH 523116
2311,万家18FH 523180
2312,万家HXFH 523181
2313,万家YQFH 523183
2314,万家JXFH 523185
2315,万家WZFH 523186
2316,大成ZSFH 523300
2317,友邦ZLFH 523519
2318,银河YXFH 523666
2319,银河CZFH 523668
2320,银河HYFH 523670
2321,300JZFH 523671
2322,银河LCFH 523672
2323,银河CXFH 523674
2324,交银ZLFH 523680
2325,交银JXFH 523688
2326,交银WJFH 523690
2327,交银CZFH 523692
2328,交银XFFH 523698
2329,交银ZTFH 523700
2330,交银QSFH 523702
2331,长信LHFH 523983
2332,CXZDZFH 523985
2333,长信HLFH 523987
2334,长信LFFH 523989
2335,长信SLFH 523991
2336,长信ZLFH 523993
2337,长信JLFH 523995
2338,长信YLFH 523997
2339,长虹CWB1 580027
2340,ES110818 582027
2341,瑞福进取 150001
2342,大成优选 150002
2343,建信优势 150003
2344,同庆A 150006
2345,同庆B 150007
2346,瑞和小康 150008
2347,瑞和远见 150009
2348,国泰优先 150010
2349,国泰进取 150011
2350,双禧A 150012
2351,双禧B 150013
2352,合润A 150016
2353,合润B 150017
2354,银华稳进 150018
2355,银华锐进 150019
2356,汇利A 150020
2357,汇利B 150021
2358,申万收益 150022
2359,申万进取 150023
2360,景丰A 150025
2361,景丰B 150026
2362,添利B 150027
2363,深100ETF 159901
2364,中 小 板 159902
2365,深成ETF 159903
2366,深红利 159905
2367,深成长 159906
2368,深100净 159A01
2369,中 小 板 159A02
2370,深成净 159A03
2371,深红利 159A05
2372,深成长 159A06
2373,南方积配 160105
2374,南方高增 160106
2375,南方500 160119
2376,国泰小盘 160211
2377,国泰价值 160215
2378,华夏蓝筹 160311
2379,华夏行业 160314
2380,博时主题 160505
2381,鹏华价值 160607
2382,鹏华动力 160610
2383,鹏华治理 160611
2384,鹏华创新 160613
2385,鹏华300 160615
2386,鹏华500 160616
2387,鹏华丰润 160617
2388,嘉实 300 160706
2389,嘉实50 160716
2390,恒生H股 160717
2391,嘉实多利 160718
2392,长盛同智 160805
2393,长盛300 160807
2394,大成创新 160910
2395,富国天惠 161005
2396,富国天丰 161010
2397,易基岁丰 161115
2398,国投新兴 161210
2399,国投金融 161211
2400,国投消费 161213
2401,双债A 161216
2402,融通巨潮 161607
2403,融通领先 161610
2404,招商成长 161706
2405,招商信用 161713
2406,银华内需 161810
2407,银华300 161811
2408,银华信用 161813
2409,银华通胀 161815
2410,银华90 161816
2411,万家公用 161903
2412,万家红利 161907
2413,长城久富 162006
2414,泰达效率 162207
2415,海富100 162307
2416,景顺鼎益 162605
2417,景顺资源 162607
2418,广发小盘 162703
2419,广发500 162711
2420,长信100 163001
2421,大摩资源 163302
2422,兴全趋势 163402
2423,兴全300 163407
2424,天治核心 163503
2425,中银中国 163801
2426,华富强债 164105
2427,天弘深成 164205
2428,建信300 165309
2429,信诚深度 165508
2430,信诚增强 165509
2431,信诚四国 165510
2432,中欧趋势 166001
2433,中欧小盘 166006
2434,中欧300 166007
2435,中欧强债 166008
2436,基金开元 184688
2437,基金普惠 184689
2438,基金同益 184690
2439,基金景宏 184691
2440,基金裕隆 184692
2441,基金普丰 184693
2442,基金天元 184698
2443,基金同盛 184699
2444,基金景福 184701
2445,基金裕泽 184705
2446,基金丰和 184721
2447,基金久嘉 184722
2448,基金鸿阳 184728
